"Analyze the impact of the Renaissance on art, science, and culture in Europe",Discuss the advantages and disadvantages of cloud computing for businesses
Describe the major events and consequences of the French Revolution.,"Design a simple database schema for a library management system, including tables for books, borrowers, and transactions"
Write a Python program to find the factorial of a given number using a recursive function.,Write a Python program to find the factorial of a given number using a recursive function.
Discuss the causes and consequences of the Industrial Revolution in the 18th century.,Write a Python program to find the factorial of a given number using a recursive function. 
Compare and contrast the political systems of ancient Athens and Sparta.,Explain the concept of object-oriented programming and provide an example in Python.
Explain the significance of the Treaty of Versailles in shaping the post-World War I world.,"Compare and contrast TCP/IP and OSI network models, highlighting their differences and similarities"
"Analyze the impact of the Renaissance on art, science, and culture in Europe",Discuss the advantages and disadvantages of cloud computing for businesses
Describe the major events and consequences of the French Revolution.,"Design a simple database schema for a library management system, including tables for books, borrowers, and transactions"
Write a Python program to find the factorial of a given number using a recursive function.,Write a Python program to find the factorial of a given number using a recursive function.
Hey this is test,
Discuss the causes and consequences of the Industrial Revolution in the 18th century.,Write a Python program to find the factorial of a given number using a recursive function. 
Compare and contrast the political systems of ancient Athens and Sparta.,Explain the concept of object-oriented programming and provide an example in Python.
Explain the significance of the Treaty of Versailles in shaping the post-World War I world.,"Compare and contrast TCP/IP and OSI network models, highlighting their differences and similarities"
"Analyze the impact of the Renaissance on art, science, and culture in Europe",Discuss the advantages and disadvantages of cloud computing for businesses
Describe the major events and consequences of the French Revolution.,"Design a simple database schema for a library management system, including tables for books, borrowers, and transactions"
Write a Python program to find the factorial of a given number using a recursive function.,Write a Python program to find the factorial of a given number using a recursive function.
Discuss the causes and consequences of the Industrial Revolution in the 18th century.,Write a Python program to find the factorial of a given number using a recursive function. 
Compare and contrast the political systems of ancient Athens and Sparta.,Explain the concept of object-oriented programming and provide an example in Python.
Explain the significance of the Treaty of Versailles in shaping the post-World War I world.,"Compare and contrast TCP/IP and OSI network models, highlighting their differences and similarities"
"Analyze the impact of the Renaissance on art, science, and culture in Europe",Discuss the advantages and disadvantages of cloud computing for businesses
Describe the major events and consequences of the French Revolution.,"Design a simple database schema for a library management system, including tables for books, borrowers, and transactions"
Write a Python program to find the factorial of a given number using a recursive function.,Write a Python program to find the factorial of a given number using a recursive function.
Hey this is test,
test 1,test 2
Discuss the causes and consequences of the Industrial Revolution in the 18th century.,Write a Python program to find the factorial of a given number using a recursive function. 
Compare and contrast the political systems of ancient Athens and Sparta.,Explain the concept of object-oriented programming and provide an example in Python.
Explain the significance of the Treaty of Versailles in shaping the post-World War I world.,"Compare and contrast TCP/IP and OSI network models, highlighting their differences and similarities"
"Analyze the impact of the Renaissance on art, science, and culture in Europe",Discuss the advantages and disadvantages of cloud computing for businesses
Describe the major events and consequences of the French Revolution.,"Design a simple database schema for a library management system, including tables for books, borrowers, and transactions"
Write a Python program to find the factorial of a given number using a recursive function.,Write a Python program to find the factorial of a given number using a recursive function.
Discuss the causes and consequences of the Industrial Revolution in the 18th century.,Write a Python program to find the factorial of a given number using a recursive function. 
Compare and contrast the political systems of ancient Athens and Sparta.,Explain the concept of object-oriented programming and provide an example in Python.
Explain the significance of the Treaty of Versailles in shaping the post-World War I world.,"Compare and contrast TCP/IP and OSI network models, highlighting their differences and similarities"
"Analyze the impact of the Renaissance on art, science, and culture in Europe",Discuss the advantages and disadvantages of cloud computing for businesses
Describe the major events and consequences of the French Revolution.,"Design a simple database schema for a library management system, including tables for books, borrowers, and transactions"
Write a Python program to find the factorial of a given number using a recursive function.,Write a Python program to find the factorial of a given number using a recursive function.
Hey this is test,
Discuss the causes and consequences of the Industrial Revolution in the 18th century.,Write a Python program to find the factorial of a given number using a recursive function. 
Compare and contrast the political systems of ancient Athens and Sparta.,Explain the concept of object-oriented programming and provide an example in Python.
Explain the significance of the Treaty of Versailles in shaping the post-World War I world.,"Compare and contrast TCP/IP and OSI network models, highlighting their differences and similarities"
"Analyze the impact of the Renaissance on art, science, and culture in Europe",Discuss the advantages and disadvantages of cloud computing for businesses
Describe the major events and consequences of the French Revolution.,"Design a simple database schema for a library management system, including tables for books, borrowers, and transactions"
Write a Python program to find the factorial of a given number using a recursive function.,Write a Python program to find the factorial of a given number using a recursive function.
Discuss the causes and consequences of the Industrial Revolution in the 18th century.,Write a Python program to find the factorial of a given number using a recursive function. 
Compare and contrast the political systems of ancient Athens and Sparta.,Explain the concept of object-oriented programming and provide an example in Python.
Explain the significance of the Treaty of Versailles in shaping the post-World War I world.,"Compare and contrast TCP/IP and OSI network models, highlighting their differences and similarities"
"Analyze the impact of the Renaissance on art, science, and culture in Europe",Discuss the advantages and disadvantages of cloud computing for businesses
Describe the major events and consequences of the French Revolution.,"Design a simple database schema for a library management system, including tables for books, borrowers, and transactions"
Write a Python program to find the factorial of a given number using a recursive function.,Write a Python program to find the factorial of a given number using a recursive function.
Hey this is test,
test 1,test 2
ques 1,ques 2
Discuss the causes and consequences of the Industrial Revolution in the 18th century.,Write a Python program to find the factorial of a given number using a recursive function. 
Compare and contrast the political systems of ancient Athens and Sparta.,Explain the concept of object-oriented programming and provide an example in Python.
Explain the significance of the Treaty of Versailles in shaping the post-World War I world.,"Compare and contrast TCP/IP and OSI network models, highlighting their differences and similarities"
"Analyze the impact of the Renaissance on art, science, and culture in Europe",Discuss the advantages and disadvantages of cloud computing for businesses
Describe the major events and consequences of the French Revolution.,"Design a simple database schema for a library management system, including tables for books, borrowers, and transactions"
Write a Python program to find the factorial of a given number using a recursive function.,Write a Python program to find the factorial of a given number using a recursive function.
Discuss the causes and consequences of the Industrial Revolution in the 18th century.,Write a Python program to find the factorial of a given number using a recursive function. 
Compare and contrast the political systems of ancient Athens and Sparta.,Explain the concept of object-oriented programming and provide an example in Python.
Explain the significance of the Treaty of Versailles in shaping the post-World War I world.,"Compare and contrast TCP/IP and OSI network models, highlighting their differences and similarities"
"Analyze the impact of the Renaissance on art, science, and culture in Europe",Discuss the advantages and disadvantages of cloud computing for businesses
Describe the major events and consequences of the French Revolution.,"Design a simple database schema for a library management system, including tables for books, borrowers, and transactions"
Write a Python program to find the factorial of a given number using a recursive function.,Write a Python program to find the factorial of a given number using a recursive function.
Hey this is test,
Discuss the causes and consequences of the Industrial Revolution in the 18th century.,Write a Python program to find the factorial of a given number using a recursive function. 
Compare and contrast the political systems of ancient Athens and Sparta.,Explain the concept of object-oriented programming and provide an example in Python.
Explain the significance of the Treaty of Versailles in shaping the post-World War I world.,"Compare and contrast TCP/IP and OSI network models, highlighting their differences and similarities"
"Analyze the impact of the Renaissance on art, science, and culture in Europe",Discuss the advantages and disadvantages of cloud computing for businesses
Describe the major events and consequences of the French Revolution.,"Design a simple database schema for a library management system, including tables for books, borrowers, and transactions"
Write a Python program to find the factorial of a given number using a recursive function.,Write a Python program to find the factorial of a given number using a recursive function.
Discuss the causes and consequences of the Industrial Revolution in the 18th century.,Write a Python program to find the factorial of a given number using a recursive function. 
Compare and contrast the political systems of ancient Athens and Sparta.,Explain the concept of object-oriented programming and provide an example in Python.
Explain the significance of the Treaty of Versailles in shaping the post-World War I world.,"Compare and contrast TCP/IP and OSI network models, highlighting their differences and similarities"
"Analyze the impact of the Renaissance on art, science, and culture in Europe",Discuss the advantages and disadvantages of cloud computing for businesses
Describe the major events and consequences of the French Revolution.,"Design a simple database schema for a library management system, including tables for books, borrowers, and transactions"
Write a Python program to find the factorial of a given number using a recursive function.,Write a Python program to find the factorial of a given number using a recursive function.
Hey this is test,
test 1,test 2
Discuss the causes and consequences of the Industrial Revolution in the 18th century.,Write a Python program to find the factorial of a given number using a recursive function. 
Compare and contrast the political systems of ancient Athens and Sparta.,Explain the concept of object-oriented programming and provide an example in Python.
Explain the significance of the Treaty of Versailles in shaping the post-World War I world.,"Compare and contrast TCP/IP and OSI network models, highlighting their differences and similarities"
"Analyze the impact of the Renaissance on art, science, and culture in Europe",Discuss the advantages and disadvantages of cloud computing for businesses
Describe the major events and consequences of the French Revolution.,"Design a simple database schema for a library management system, including tables for books, borrowers, and transactions"
Write a Python program to find the factorial of a given number using a recursive function.,Write a Python program to find the factorial of a given number using a recursive function.
Discuss the causes and consequences of the Industrial Revolution in the 18th century.,Write a Python program to find the factorial of a given number using a recursive function. 
Compare and contrast the political systems of ancient Athens and Sparta.,Explain the concept of object-oriented programming and provide an example in Python.
Explain the significance of the Treaty of Versailles in shaping the post-World War I world.,"Compare and contrast TCP/IP and OSI network models, highlighting their differences and similarities"
"Analyze the impact of the Renaissance on art, science, and culture in Europe",Discuss the advantages and disadvantages of cloud computing for businesses
Describe the major events and consequences of the French Revolution.,"Design a simple database schema for a library management system, including tables for books, borrowers, and transactions"
Write a Python program to find the factorial of a given number using a recursive function.,Write a Python program to find the factorial of a given number using a recursive function.
Hey this is test,
Discuss the causes and consequences of the Industrial Revolution in the 18th century.,Write a Python program to find the factorial of a given number using a recursive function. 
Compare and contrast the political systems of ancient Athens and Sparta.,Explain the concept of object-oriented programming and provide an example in Python.
Explain the significance of the Treaty of Versailles in shaping the post-World War I world.,"Compare and contrast TCP/IP and OSI network models, highlighting their differences and similarities"
"Analyze the impact of the Renaissance on art, science, and culture in Europe",Discuss the advantages and disadvantages of cloud computing for businesses
Describe the major events and consequences of the French Revolution.,"Design a simple database schema for a library management system, including tables for books, borrowers, and transactions"
Write a Python program to find the factorial of a given number using a recursive function.,Write a Python program to find the factorial of a given number using a recursive function.
Discuss the causes and consequences of the Industrial Revolution in the 18th century.,Write a Python program to find the factorial of a given number using a recursive function. 
Compare and contrast the political systems of ancient Athens and Sparta.,Explain the concept of object-oriented programming and provide an example in Python.
Explain the significance of the Treaty of Versailles in shaping the post-World War I world.,"Compare and contrast TCP/IP and OSI network models, highlighting their differences and similarities"
"Analyze the impact of the Renaissance on art, science, and culture in Europe",Discuss the advantages and disadvantages of cloud computing for businesses
Describe the major events and consequences of the French Revolution.,"Design a simple database schema for a library management system, including tables for books, borrowers, and transactions"
Write a Python program to find the factorial of a given number using a recursive function.,Write a Python program to find the factorial of a given number using a recursive function.
Hey this is test,
test 1,test 2
ques 1,ques 2
ques 1,ques 2
Discuss the causes and consequences of the Industrial Revolution in the 18th century.,Write a Python program to find the factorial of a given number using a recursive function. 
Compare and contrast the political systems of ancient Athens and Sparta.,Explain the concept of object-oriented programming and provide an example in Python.
Explain the significance of the Treaty of Versailles in shaping the post-World War I world.,"Compare and contrast TCP/IP and OSI network models, highlighting their differences and similarities"
"Analyze the impact of the Renaissance on art, science, and culture in Europe",Discuss the advantages and disadvantages of cloud computing for businesses
Describe the major events and consequences of the French Revolution.,"Design a simple database schema for a library management system, including tables for books, borrowers, and transactions"
Write a Python program to find the factorial of a given number using a recursive function.,Write a Python program to find the factorial of a given number using a recursive function.
Discuss the causes and consequences of the Industrial Revolution in the 18th century.,Write a Python program to find the factorial of a given number using a recursive function. 
Compare and contrast the political systems of ancient Athens and Sparta.,Explain the concept of object-oriented programming and provide an example in Python.
Explain the significance of the Treaty of Versailles in shaping the post-World War I world.,"Compare and contrast TCP/IP and OSI network models, highlighting their differences and similarities"
"Analyze the impact of the Renaissance on art, science, and culture in Europe",Discuss the advantages and disadvantages of cloud computing for businesses
Describe the major events and consequences of the French Revolution.,"Design a simple database schema for a library management system, including tables for books, borrowers, and transactions"
Write a Python program to find the factorial of a given number using a recursive function.,Write a Python program to find the factorial of a given number using a recursive function.
Hey this is test,
Discuss the causes and consequences of the Industrial Revolution in the 18th century.,Write a Python program to find the factorial of a given number using a recursive function. 
Compare and contrast the political systems of ancient Athens and Sparta.,Explain the concept of object-oriented programming and provide an example in Python.
Explain the significance of the Treaty of Versailles in shaping the post-World War I world.,"Compare and contrast TCP/IP and OSI network models, highlighting their differences and similarities"
"Analyze the impact of the Renaissance on art, science, and culture in Europe",Discuss the advantages and disadvantages of cloud computing for businesses
Describe the major events and consequences of the French Revolution.,"Design a simple database schema for a library management system, including tables for books, borrowers, and transactions"
Write a Python program to find the factorial of a given number using a recursive function.,Write a Python program to find the factorial of a given number using a recursive function.
Discuss the causes and consequences of the Industrial Revolution in the 18th century.,Write a Python program to find the factorial of a given number using a recursive function. 
Compare and contrast the political systems of ancient Athens and Sparta.,Explain the concept of object-oriented programming and provide an example in Python.
Explain the significance of the Treaty of Versailles in shaping the post-World War I world.,"Compare and contrast TCP/IP and OSI network models, highlighting their differences and similarities"
"Analyze the impact of the Renaissance on art, science, and culture in Europe",Discuss the advantages and disadvantages of cloud computing for businesses
Describe the major events and consequences of the French Revolution.,"Design a simple database schema for a library management system, including tables for books, borrowers, and transactions"
Write a Python program to find the factorial of a given number using a recursive function.,Write a Python program to find the factorial of a given number using a recursive function.
Hey this is test,
test 1,test 2
Discuss the causes and consequences of the Industrial Revolution in the 18th century.,Write a Python program to find the factorial of a given number using a recursive function. 
Compare and contrast the political systems of ancient Athens and Sparta.,Explain the concept of object-oriented programming and provide an example in Python.
Explain the significance of the Treaty of Versailles in shaping the post-World War I world.,"Compare and contrast TCP/IP and OSI network models, highlighting their differences and similarities"
"Analyze the impact of the Renaissance on art, science, and culture in Europe",Discuss the advantages and disadvantages of cloud computing for businesses
Describe the major events and consequences of the French Revolution.,"Design a simple database schema for a library management system, including tables for books, borrowers, and transactions"
Write a Python program to find the factorial of a given number using a recursive function.,Write a Python program to find the factorial of a given number using a recursive function.
Discuss the causes and consequences of the Industrial Revolution in the 18th century.,Write a Python program to find the factorial of a given number using a recursive function. 
Compare and contrast the political systems of ancient Athens and Sparta.,Explain the concept of object-oriented programming and provide an example in Python.
Explain the significance of the Treaty of Versailles in shaping the post-World War I world.,"Compare and contrast TCP/IP and OSI network models, highlighting their differences and similarities"
"Analyze the impact of the Renaissance on art, science, and culture in Europe",Discuss the advantages and disadvantages of cloud computing for businesses
Describe the major events and consequences of the French Revolution.,"Design a simple database schema for a library management system, including tables for books, borrowers, and transactions"
Write a Python program to find the factorial of a given number using a recursive function.,Write a Python program to find the factorial of a given number using a recursive function.
Hey this is test,
Discuss the causes and consequences of the Industrial Revolution in the 18th century.,Write a Python program to find the factorial of a given number using a recursive function. 
Compare and contrast the political systems of ancient Athens and Sparta.,Explain the concept of object-oriented programming and provide an example in Python.
Explain the significance of the Treaty of Versailles in shaping the post-World War I world.,"Compare and contrast TCP/IP and OSI network models, highlighting their differences and similarities"
"Analyze the impact of the Renaissance on art, science, and culture in Europe",Discuss the advantages and disadvantages of cloud computing for businesses
Describe the major events and consequences of the French Revolution.,"Design a simple database schema for a library management system, including tables for books, borrowers, and transactions"
Write a Python program to find the factorial of a given number using a recursive function.,Write a Python program to find the factorial of a given number using a recursive function.
Discuss the causes and consequences of the Industrial Revolution in the 18th century.,Write a Python program to find the factorial of a given number using a recursive function. 
Compare and contrast the political systems of ancient Athens and Sparta.,Explain the concept of object-oriented programming and provide an example in Python.
Explain the significance of the Treaty of Versailles in shaping the post-World War I world.,"Compare and contrast TCP/IP and OSI network models, highlighting their differences and similarities"
"Analyze the impact of the Renaissance on art, science, and culture in Europe",Discuss the advantages and disadvantages of cloud computing for businesses
Describe the major events and consequences of the French Revolution.,"Design a simple database schema for a library management system, including tables for books, borrowers, and transactions"
Write a Python program to find the factorial of a given number using a recursive function.,Write a Python program to find the factorial of a given number using a recursive function.
Hey this is test,
test 1,test 2
ques 1,ques 2
Discuss the causes and consequences of the Industrial Revolution in the 18th century.,Write a Python program to find the factorial of a given number using a recursive function. 
Compare and contrast the political systems of ancient Athens and Sparta.,Explain the concept of object-oriented programming and provide an example in Python.
Explain the significance of the Treaty of Versailles in shaping the post-World War I world.,"Compare and contrast TCP/IP and OSI network models, highlighting their differences and similarities"
"Analyze the impact of the Renaissance on art, science, and culture in Europe",Discuss the advantages and disadvantages of cloud computing for businesses
Describe the major events and consequences of the French Revolution.,"Design a simple database schema for a library management system, including tables for books, borrowers, and transactions"
Write a Python program to find the factorial of a given number using a recursive function.,Write a Python program to find the factorial of a given number using a recursive function.
Discuss the causes and consequences of the Industrial Revolution in the 18th century.,Write a Python program to find the factorial of a given number using a recursive function. 
Compare and contrast the political systems of ancient Athens and Sparta.,Explain the concept of object-oriented programming and provide an example in Python.
Explain the significance of the Treaty of Versailles in shaping the post-World War I world.,"Compare and contrast TCP/IP and OSI network models, highlighting their differences and similarities"
"Analyze the impact of the Renaissance on art, science, and culture in Europe",Discuss the advantages and disadvantages of cloud computing for businesses
Describe the major events and consequences of the French Revolution.,"Design a simple database schema for a library management system, including tables for books, borrowers, and transactions"
Write a Python program to find the factorial of a given number using a recursive function.,Write a Python program to find the factorial of a given number using a recursive function.
Hey this is test,
Discuss the causes and consequences of the Industrial Revolution in the 18th century.,Write a Python program to find the factorial of a given number using a recursive function. 
Compare and contrast the political systems of ancient Athens and Sparta.,Explain the concept of object-oriented programming and provide an example in Python.
Explain the significance of the Treaty of Versailles in shaping the post-World War I world.,"Compare and contrast TCP/IP and OSI network models, highlighting their differences and similarities"
"Analyze the impact of the Renaissance on art, science, and culture in Europe",Discuss the advantages and disadvantages of cloud computing for businesses
Describe the major events and consequences of the French Revolution.,"Design a simple database schema for a library management system, including tables for books, borrowers, and transactions"
Write a Python program to find the factorial of a given number using a recursive function.,Write a Python program to find the factorial of a given number using a recursive function.
Discuss the causes and consequences of the Industrial Revolution in the 18th century.,Write a Python program to find the factorial of a given number using a recursive function. 
Compare and contrast the political systems of ancient Athens and Sparta.,Explain the concept of object-oriented programming and provide an example in Python.
Explain the significance of the Treaty of Versailles in shaping the post-World War I world.,"Compare and contrast TCP/IP and OSI network models, highlighting their differences and similarities"
"Analyze the impact of the Renaissance on art, science, and culture in Europe",Discuss the advantages and disadvantages of cloud computing for businesses
Describe the major events and consequences of the French Revolution.,"Design a simple database schema for a library management system, including tables for books, borrowers, and transactions"
Write a Python program to find the factorial of a given number using a recursive function.,Write a Python program to find the factorial of a given number using a recursive function.
Hey this is test,
test 1,test 2
Discuss the causes and consequences of the Industrial Revolution in the 18th century.,Write a Python program to find the factorial of a given number using a recursive function. 
Compare and contrast the political systems of ancient Athens and Sparta.,Explain the concept of object-oriented programming and provide an example in Python.
Explain the significance of the Treaty of Versailles in shaping the post-World War I world.,"Compare and contrast TCP/IP and OSI network models, highlighting their differences and similarities"
"Analyze the impact of the Renaissance on art, science, and culture in Europe",Discuss the advantages and disadvantages of cloud computing for businesses
Describe the major events and consequences of the French Revolution.,"Design a simple database schema for a library management system, including tables for books, borrowers, and transactions"
Write a Python program to find the factorial of a given number using a recursive function.,Write a Python program to find the factorial of a given number using a recursive function.
Discuss the causes and consequences of the Industrial Revolution in the 18th century.,Write a Python program to find the factorial of a given number using a recursive function. 
Compare and contrast the political systems of ancient Athens and Sparta.,Explain the concept of object-oriented programming and provide an example in Python.
Explain the significance of the Treaty of Versailles in shaping the post-World War I world.,"Compare and contrast TCP/IP and OSI network models, highlighting their differences and similarities"
"Analyze the impact of the Renaissance on art, science, and culture in Europe",Discuss the advantages and disadvantages of cloud computing for businesses
Describe the major events and consequences of the French Revolution.,"Design a simple database schema for a library management system, including tables for books, borrowers, and transactions"
Write a Python program to find the factorial of a given number using a recursive function.,Write a Python program to find the factorial of a given number using a recursive function.
Hey this is test,
Discuss the causes and consequences of the Industrial Revolution in the 18th century.,Write a Python program to find the factorial of a given number using a recursive function. 
Compare and contrast the political systems of ancient Athens and Sparta.,Explain the concept of object-oriented programming and provide an example in Python.
Explain the significance of the Treaty of Versailles in shaping the post-World War I world.,"Compare and contrast TCP/IP and OSI network models, highlighting their differences and similarities"
"Analyze the impact of the Renaissance on art, science, and culture in Europe",Discuss the advantages and disadvantages of cloud computing for businesses
Describe the major events and consequences of the French Revolution.,"Design a simple database schema for a library management system, including tables for books, borrowers, and transactions"
Write a Python program to find the factorial of a given number using a recursive function.,Write a Python program to find the factorial of a given number using a recursive function.
Discuss the causes and consequences of the Industrial Revolution in the 18th century.,Write a Python program to find the factorial of a given number using a recursive function. 
Compare and contrast the political systems of ancient Athens and Sparta.,Explain the concept of object-oriented programming and provide an example in Python.
Explain the significance of the Treaty of Versailles in shaping the post-World War I world.,"Compare and contrast TCP/IP and OSI network models, highlighting their differences and similarities"
"Analyze the impact of the Renaissance on art, science, and culture in Europe",Discuss the advantages and disadvantages of cloud computing for businesses
Describe the major events and consequences of the French Revolution.,"Design a simple database schema for a library management system, including tables for books, borrowers, and transactions"
Write a Python program to find the factorial of a given number using a recursive function.,Write a Python program to find the factorial of a given number using a recursive function.
Hey this is test,
test 1,test 2
ques 1,ques 2
ques 1,ques 2
Write a Python program to find the factorial of a given number using a recursive function.,Explain the concept of object-oriented programming and provide an example in Python
Discuss the causes and consequences of the Industrial Revolution in the 18th century.,Write a Python program to find the factorial of a given number using a recursive function.
Write a Python program to find the factorial of a given number using a recursive function.,Discuss the causes and consequences of the Industrial Revolution in the 18th century.
 Discuss the causes and consequences of the Industrial Revolution in the 18th century.,Write a Python program to find the factorial of a given number using a recursive function.
Write a Python program to find the factorial of a given number using a recursive function.,Discuss the causes and consequences of the Industrial Revolution in the 18th century.
